[{
  "data": {
    "id": "0",
    "idInt": 0,
    "name": "GENERAL",
    "score": 0.006769776522008331,
    "query": true,
    "gene": true
  },
  "position": {
    "x": 481.0169597039117,
    "y": 384.8210888234145
  },
  "group": "nodes",
  "removed": false,
  "selected": false,
  "selectable": true,
  "locked": false,
  "grabbed": false,
  "grabbable": true,
  "classes": "fn10273 fn6944 fn9471 fn10569 fn8023 fn6956 fn6935 fn8147 fn6939 fn6936 fn6629 fn7928 fn6947 fn8612 fn6957 fn8786 fn6246 fn9367 fn6945 fn6946 fn10024 fn10022 fn6811 fn9361 fn6279 fn6278 fn8569 fn7641 fn8568 fn6943"
}, {
  "data": {
    "id": "1",
    "idInt": 1,
    "name": "GASTROINTESTINAL",
    "score": 0.006769776522008331,
    "query": false,
    "gene": true
  },
  "position": {
    "x": 531.9740635094307,
    "y": 464.8210898234145
  },
  "group": "nodes",
  "removed": false,
  "selected": false,
  "selectable": true,
  "locked": false,
  "grabbed": false,
  "grabbable": true,
  "classes": "fn10273 fn6944 fn9471 fn6284 fn6956 fn6935 fn8147 fn6939 fn6936 fn6949 fn6629 fn7952 fn6680 fn6957 fn8786 fn6676 fn10713 fn7495 fn7500 fn9361 fn6279 fn6278 fn8569 fn7641 fn8568"
}, {
  "data": {
    "id": "2",
    "idInt": 2,
    "name": "ENDOCRINE",
    "score": 0.0028974131563619387,
    "query": false,
    "gene": true
  },
  "position": {
    "x": 455.8128125018193,
    "y": 555.4591537139819
  },
  "group": "nodes",
  "removed": false,
  "selected": false,
  "selectable": true,
  "locked": false,
  "grabbed": false,
  "grabbable": true,
  "classes": "fn6935 fn6219 fn6680 fn6676 fn10713 fn7552 fn7495"
}, {
  "data": {
    "id": "3",
    "idInt": 3,
    "name": "CUTANEOUS",
    "score": 0.0026928704785200708,
    "query": false,
    "gene": true
  },
  "position": {
    "x": 363.1144068403203,
    "y": 515.7352912086707
  },
  "group": "nodes",
  "removed": false,
  "selected": false,
  "selectable": true,
  "locked": false,
  "grabbed": false,
  "grabbable": true,
  "classes": "fn6935"
}, {
  "data": {
    "id": "4",
    "idInt": 4,
    "name": "PNEUMOLOGICAL",
    "score": 0.0026215687185565106,
    "query": false,
    "gene": true
  },
  "position": {
    "x": 689.1927803956215,
    "y": 634.0100611862405
  },
  "group": "nodes",
  "removed": false,
  "selected": false,
  "selectable": true,
  "locked": false,
  "grabbed": false,
  "grabbable": true,
  "classes": ""
}, {
  "data": {
    "id": "5",
    "idInt": 5,
    "name": "ANALYTICAL",
    "score": 0.0024938385347587078,
    "query": false,
    "gene": true
  },
  "position": {
    "x": 118.3562364528364,
    "y": 384.3877516879044
  },
  "group": "nodes",
  "removed": false,
  "selected": false,
  "selectable": true,
  "locked": false,
  "grabbed": false,
  "grabbable": true,
  "classes": "fn10273 fn6944 fn9471 fn10569 fn8823 fn9180 fn6956 fn6935 fn8147 fn6939 fn6936 fn6648 fn6947 fn6957 fn8786 fn6246 fn9367 fn9368 fn6945 fn6946 fn7921 fn6811 fn8380 fn6279 fn6278 fn8569 fn7641 fn8568 fn6943"
}, {
  "data": {
    "id": "6",
    "idInt": 6,
    "name": "NEUROLOGICAL",
    "score": 0.002453016748286352,
    "query": false,
    "gene": true
  },
  "position": {
    "x": 759.7017646483837,
    "y": 338.3207127700095
  },
  "group": "nodes",
  "removed": false,
  "selected": false,
  "selectable": true,
  "locked": false,
  "grabbed": false,
  "grabbable": true,
  "classes": "fn6931 fn9632 fn7950 fn9188 fn6956 fn6935 fn7338 fn6936 fn6949 fn6629 fn6957 fn6246 fn7453 fn7451 fn10024 fn7456 fn7454 fn7469 fn7467 fn10022 fn7552 fn7495 fn7463 fn7464 fn9361"
}, {
  "data": {
    "id": "7",
    "idInt": 7,
    "name": "OTHER",
    "score": 0.0023873089881679688,
    "query": false,
    "gene": true
  },
  "position": {
    "x": 264.10227893804523,
    "y": 631.7198779917306
  },
  "group": "nodes",
  "removed": false,
  "selected": false,
  "selectable": true,
  "locked": false,
  "grabbed": false,
  "grabbable": true,
  "classes": "fn10273 fn6944 fn9471 fn6956 fn6935 fn8147 fn6939 fn6936 fn6949 fn6957 fn8786 fn6945 fn6946 fn6279 fn6278 fn8569 fn7641 fn8568 fn6943"
}, {
  "data": {
    "id": "8",
    "idInt": 8,
    "name": "CARDIOLOGICAL",
    "score": 0.0022841757103715943,
    "query": false,
    "gene": true
  },
  "position": {
    "x": 282.21587939790476,
    "y": 109.57476207336902
  },
  "group": "nodes",
  "removed": false,
  "selected": false,
  "selectable": true,
  "locked": false,
  "grabbed": false,
  "grabbable": true,
  "classes": "fn10273 fn9471 fn6956 fn6935 fn8147 fn6939 fn6936 fn6957 fn8786 fn6945 fn6946 fn6811 fn6279 fn6278 fn8569 fn7641 fn8568 fn6943"
}, {
  "data": {
    "source": "0",
    "target": "1",
    "weight": 0.56414474,
    "group": "coexp",
    "networkId": 1133,
    "networkGroupId": 18,
    "intn": true,
    "rIntnId": 2,
    "id": "e0"
  },
  "position": {},
  "group": "edges",
  "removed": false,
  "selected": false,
  "selectable": true,
  "locked": false,
  "grabbed": false,
  "grabbable": true,
  "classes": ""
}, {
  "data": {
    "source": "0",
    "target": "3",
    "weight": 0.31414474,
    "group": "coexp",
    "networkId": 1133,
    "networkGroupId": 18,
    "intn": true,
    "rIntnId": 3,
    "id": "e1"
  },
  "position": {},
  "group": "edges",
  "removed": false,
  "selected": false,
  "selectable": true,
  "locked": false,
  "grabbed": false,
  "grabbable": true,
  "classes": ""
}, {
  "data": {
    "source": "0",
    "target": "5",
    "weight": 0.02960526,
    "group": "coexp",
    "networkId": 1133,
    "networkGroupId": 18,
    "intn": true,
    "rIntnId": 4,
    "id": "e2"
  },
  "position": {},
  "group": "edges",
  "removed": false,
  "selected": false,
  "selectable": true,
  "locked": false,
  "grabbed": false,
  "grabbable": true,
  "classes": ""
}, {
  "data": {
    "source": "0",
    "target": "6",
    "weight": 0.14473684,
    "group": "coexp",
    "networkId": 1133,
    "networkGroupId": 18,
    "intn": true,
    "rIntnId": 5,
    "id": "e3"
  },
  "position": {},
  "group": "edges",
  "removed": false,
  "selected": false,
  "selectable": true,
  "locked": false,
  "grabbed": false,
  "grabbable": true,
  "classes": ""
}, {
  "data": {
    "source": "1",
    "target": "0",
    "weight": 56.414474,
    "group": "coexp",
    "networkId": 1133,
    "networkGroupId": 18,
    "intn": true,
    "rIntnId": 6,
    "id": "e4"
  },
  "position": {},
  "group": "edges",
  "removed": false,
  "selected": false,
  "selectable": true,
  "locked": false,
  "grabbed": false,
  "grabbable": true,
  "classes": ""
}, {
  "data": {
    "source": "1",
    "target": "3",
    "weight": 31.414474,
    "group": "coexp",
    "networkId": 1133,
    "networkGroupId": 18,
    "intn": true,
    "rIntnId": 7,
    "id": "e5"
  },
  "position": {},
  "group": "edges",
  "removed": false,
  "selected": false,
  "selectable": true,
  "locked": false,
  "grabbed": false,
  "grabbable": true,
  "classes": ""
}, {
  "data": {
    "source": "1",
    "target": "4",
    "weight": 0.164474,
    "group": "coexp",
    "networkId": 1133,
    "networkGroupId": 18,
    "intn": true,
    "rIntnId": 8,
    "id": "e6"
  },
  "position": {},
  "group": "edges",
  "removed": false,
  "selected": false,
  "selectable": true,
  "locked": false,
  "grabbed": false,
  "grabbable": true,
  "classes": ""
}, {
  "data": {
    "source": "2",
    "target": "4",
    "weight": 0.822368,
    "group": "coexp",
    "networkId": 1133,
    "networkGroupId": 18,
    "intn": true,
    "rIntnId": 9,
    "id": "e7"
  },
  "position": {},
  "group": "edges",
  "removed": false,
  "selected": false,
  "selectable": true,
  "locked": false,
  "grabbed": false,
  "grabbable": true,
  "classes": ""
}, {
  "data": {
    "source": "3",
    "target": "0",
    "weight": 31.414474,
    "group": "coexp",
    "networkId": 1133,
    "networkGroupId": 18,
    "intn": true,
    "rIntnId": 10,
    "id": "e8"
  },
  "position": {},
  "group": "edges",
  "removed": false,
  "selected": false,
  "selectable": true,
  "locked": false,
  "grabbed": false,
  "grabbable": true,
  "classes": ""
}, {
  "data": {
    "source": "3",
    "target": "1",
    "weight": 31.414474,
    "group": "coexp",
    "networkId": 1133,
    "networkGroupId": 18,
    "intn": true,
    "rIntnId": 11,
    "id": "e9"
  },
  "position": {},
  "group": "edges",
  "removed": false,
  "selected": false,
  "selectable": true,
  "locked": false,
  "grabbed": false,
  "grabbable": true,
  "classes": ""
}, {
  "data": {
    "source": "4",
    "target": "1",
    "weight": 0.164474,
    "group": "coexp",
    "networkId": 1133,
    "networkGroupId": 18,
    "intn": true,
    "rIntnId": 12,
    "id": "e10"
  },
  "position": {},
  "group": "edges",
  "removed": false,
  "selected": false,
  "selectable": true,
  "locked": false,
  "grabbed": false,
  "grabbable": true,
  "classes": ""
}, {
  "data": {
    "source": "4",
    "target": "2",
    "weight": 0.822368,
    "group": "coexp",
    "networkId": 1133,
    "networkGroupId": 18,
    "intn": true,
    "rIntnId": 13,
    "id": "e11"
  },
  "position": {},
  "group": "edges",
  "removed": false,
  "selected": false,
  "selectable": true,
  "locked": false,
  "grabbed": false,
  "grabbable": true,
  "classes": ""
}, {
  "data": {
    "source": "5",
    "target": "0",
    "weight": 2.960526,
    "group": "coexp",
    "networkId": 1133,
    "networkGroupId": 18,
    "intn": true,
    "rIntnId": 14,
    "id": "e12"
  },
  "position": {},
  "group": "edges",
  "removed": false,
  "selected": false,
  "selectable": true,
  "locked": false,
  "grabbed": false,
  "grabbable": true,
  "classes": ""
}, {
  "data": {
    "source": "5",
    "target": "6",
    "weight": 2.960526,
    "group": "coexp",
    "networkId": 1133,
    "networkGroupId": 18,
    "intn": true,
    "rIntnId": 15,
    "id": "e13"
  },
  "position": {},
  "group": "edges",
  "removed": false,
  "selected": false,
  "selectable": true,
  "locked": false,
  "grabbed": false,
  "grabbable": true,
  "classes": ""
}, {
  "data": {
    "source": "6",
    "target": "0",
    "weight": 14.473684,
    "group": "coexp",
    "networkId": 1133,
    "networkGroupId": 18,
    "intn": true,
    "rIntnId": 16,
    "id": "e14"
  },
  "position": {},
  "group": "edges",
  "removed": false,
  "selected": false,
  "selectable": true,
  "locked": false,
  "grabbed": false,
  "grabbable": true,
  "classes": ""
}, {
  "data": {
    "source": "6",
    "target": "5",
    "weight": 2.960526,
    "group": "coexp",
    "networkId": 1133,
    "networkGroupId": 18,
    "intn": true,
    "rIntnId": 17,
    "id": "e15"
  },
  "position": {},
  "group": "edges",
  "removed": false,
  "selected": false,
  "selectable": true,
  "locked": false,
  "grabbed": false,
  "grabbable": true,
  "classes": ""
}]
