[
  {
    "data": {
      "id": "0",
      "idInt": 0,
      "name": "GENERAL",
      "score": 0.006769776522008331,
      "query": true,
      "gene": true,
    "patients": 12
    },
    "position": {
      "x": 481.0169597039117,
      "y": 384.8210888234145
    },
    "group": "nodes",
    "removed": false,
    "selected": false,
    "selectable": true,
    "locked": false,
    "grabbed": false,
    "grabbable": true,
    "classes": "fn10273 fn6944 fn9471 fn10569 fn8023 fn6956 fn6935 fn8147 fn6939 fn6936 fn6629 fn7928 fn6947 fn8612 fn6957 fn8786 fn6246 fn9367 fn6945 fn6946 fn10024 fn10022 fn6811 fn9361 fn6279 fn6278 fn8569 fn7641 fn8568 fn6943"
  },
  {
    "data": {
      "id": "1",
      "idInt": 1,
      "name": "GASTROINTESTINAL",
      "score": 0.006769776522008331,
      "query": true,
      "gene": true,
    "patients": 8
    },
    "position": {
      "x": 481.0169597039117,
      "y": 384.8210888234145
    },
    "group": "nodes",
    "removed": false,
    "selected": false,
    "selectable": true,
    "locked": false,
    "grabbed": false,
    "grabbable": true,
    "classes": "fn10273 fn6944 fn9471 fn10569 fn8023 fn6956 fn6935 fn8147 fn6939 fn6936 fn6629 fn7928 fn6947 fn8612 fn6957 fn8786 fn6246 fn9367 fn6945 fn6946 fn10024 fn10022 fn6811 fn9361 fn6279 fn6278 fn8569 fn7641 fn8568 fn6943"
  },
  {
    "data": {
      "id": "2",
      "idInt": 2,
      "name": "ENDOCRINE",
      "score": 0.006769776522008331,
      "query": true,
      "gene": true,
    "patients": 3
    },
    "position": {
      "x": 481.0169597039117,
      "y": 384.8210888234145
    },
    "group": "nodes",
    "removed": false,
    "selected": false,
    "selectable": true,
    "locked": false,
    "grabbed": false,
    "grabbable": true,
    "classes": "fn10273 fn6944 fn9471 fn10569 fn8023 fn6956 fn6935 fn8147 fn6939 fn6936 fn6629 fn7928 fn6947 fn8612 fn6957 fn8786 fn6246 fn9367 fn6945 fn6946 fn10024 fn10022 fn6811 fn9361 fn6279 fn6278 fn8569 fn7641 fn8568 fn6943"
  },
  {
    "data": {
      "id": "3",
      "idInt": 3,
      "name": "CUTANEOUS",
      "score": 0.006769776522008331,
      "query": true,
      "gene": true,
    "patients": 6
    },
    "position": {
      "x": 481.0169597039117,
      "y": 384.8210888234145
    },
    "group": "nodes",
    "removed": false,
    "selected": false,
    "selectable": true,
    "locked": false,
    "grabbed": false,
    "grabbable": true,
    "classes": "fn10273 fn6944 fn9471 fn10569 fn8023 fn6956 fn6935 fn8147 fn6939 fn6936 fn6629 fn7928 fn6947 fn8612 fn6957 fn8786 fn6246 fn9367 fn6945 fn6946 fn10024 fn10022 fn6811 fn9361 fn6279 fn6278 fn8569 fn7641 fn8568 fn6943"
  },
  {
    "data": {
      "id": "4",
      "idInt": 4,
      "name": "PNEUMOLOGICAL",
      "score": 0.006769776522008331,
      "query": true,
      "gene": true,
    "patients": 5
    },
    "position": {
      "x": 481.0169597039117,
      "y": 384.8210888234145
    },
    "group": "nodes",
    "removed": false,
    "selected": false,
    "selectable": true,
    "locked": false,
    "grabbed": false,
    "grabbable": true,
    "classes": "fn10273 fn6944 fn9471 fn10569 fn8023 fn6956 fn6935 fn8147 fn6939 fn6936 fn6629 fn7928 fn6947 fn8612 fn6957 fn8786 fn6246 fn9367 fn6945 fn6946 fn10024 fn10022 fn6811 fn9361 fn6279 fn6278 fn8569 fn7641 fn8568 fn6943"
  },
  {
    "data": {
      "id": "5",
      "idInt": 5,
      "name": "ANALYTICAL",
      "score": 0.006769776522008331,
      "query": true,
      "gene": true,
    "patients": 0
    },
    "position": {
      "x": 481.0169597039117,
      "y": 384.8210888234145
    },
    "group": "nodes",
    "removed": false,
    "selected": false,
    "selectable": true,
    "locked": false,
    "grabbed": false,
    "grabbable": true,
    "classes": "fn10273 fn6944 fn9471 fn10569 fn8023 fn6956 fn6935 fn8147 fn6939 fn6936 fn6629 fn7928 fn6947 fn8612 fn6957 fn8786 fn6246 fn9367 fn6945 fn6946 fn10024 fn10022 fn6811 fn9361 fn6279 fn6278 fn8569 fn7641 fn8568 fn6943"
  },
  {
    "data": {
      "id": "6",
      "idInt": 6,
      "name": "NEUROLOGICAL",
      "score": 0.006769776522008331,
      "query": true,
      "gene": true,
    "patients": 6
    },
    "position": {
      "x": 481.0169597039117,
      "y": 384.8210888234145
    },
    "group": "nodes",
    "removed": false,
    "selected": false,
    "selectable": true,
    "locked": false,
    "grabbed": false,
    "grabbable": true,
    "classes": "fn10273 fn6944 fn9471 fn10569 fn8023 fn6956 fn6935 fn8147 fn6939 fn6936 fn6629 fn7928 fn6947 fn8612 fn6957 fn8786 fn6246 fn9367 fn6945 fn6946 fn10024 fn10022 fn6811 fn9361 fn6279 fn6278 fn8569 fn7641 fn8568 fn6943"
  },
  {
    "data": {
      "id": "7",
      "idInt": 7,
      "name": "OTHER",
      "score": 0.006769776522008331,
      "query": true,
      "gene": true,
    "patients": 0
    },
    "position": {
      "x": 481.0169597039117,
      "y": 384.8210888234145
    },
    "group": "nodes",
    "removed": false,
    "selected": false,
    "selectable": true,
    "locked": false,
    "grabbed": false,
    "grabbable": true,
    "classes": "fn10273 fn6944 fn9471 fn10569 fn8023 fn6956 fn6935 fn8147 fn6939 fn6936 fn6629 fn7928 fn6947 fn8612 fn6957 fn8786 fn6246 fn9367 fn6945 fn6946 fn10024 fn10022 fn6811 fn9361 fn6279 fn6278 fn8569 fn7641 fn8568 fn6943"
  },
  {
    "data": {
      "id": "8",
      "idInt": 8,
      "name": "CARDIOLOGICAL",
      "score": 0.006769776522008331,
      "query": true,
      "gene": true,
    "patients": 0
    },
    "position": {
      "x": 481.0169597039117,
      "y": 384.8210888234145
    },
    "group": "nodes",
    "removed": false,
    "selected": false,
    "selectable": true,
    "locked": false,
    "grabbed": false,
    "grabbable": true,
    "classes": "fn10273 fn6944 fn9471 fn10569 fn8023 fn6956 fn6935 fn8147 fn6939 fn6936 fn6629 fn7928 fn6947 fn8612 fn6957 fn8786 fn6246 fn9367 fn6945 fn6946 fn10024 fn10022 fn6811 fn9361 fn6279 fn6278 fn8569 fn7641 fn8568 fn6943"
  },
  {
    "data": {
      "source": "0",
      "target": "1",
      "weight": 13.636363636363635,
      "group": "coexp",
      "networkId": 1133,
      "networkGroupId": 18,
      "intn": true,
      "rIntnId": 2,
      "id": "e0"
    },
    "position": {},
    "group": "edges",
    "removed": false,
    "selected": false,
    "selectable": true,
    "locked": false,
    "grabbed": false,
    "grabbable": true,
    "classes": ""
  },
  {
    "data": {
      "source": "0",
      "target": "3",
      "weight": 13.636363636363635,
      "group": "coexp",
      "networkId": 1133,
      "networkGroupId": 18,
      "intn": true,
      "rIntnId": 3,
      "id": "e1"
    },
    "position": {},
    "group": "edges",
    "removed": false,
    "selected": false,
    "selectable": true,
    "locked": false,
    "grabbed": false,
    "grabbable": true,
    "classes": ""
  },
  {
    "data": {
      "source": "0",
      "target": "6",
      "weight": 27.27272727272727,
      "group": "coexp",
      "networkId": 1133,
      "networkGroupId": 18,
      "intn": true,
      "rIntnId": 4,
      "id": "e2"
    },
    "position": {},
    "group": "edges",
    "removed": false,
    "selected": false,
    "selectable": true,
    "locked": false,
    "grabbed": false,
    "grabbable": true,
    "classes": ""
  },
  {
    "data": {
      "source": "1",
      "target": "0",
      "weight": 13.636363636363635,
      "group": "coexp",
      "networkId": 1133,
      "networkGroupId": 18,
      "intn": true,
      "rIntnId": 5,
      "id": "e3"
    },
    "position": {},
    "group": "edges",
    "removed": false,
    "selected": false,
    "selectable": true,
    "locked": false,
    "grabbed": false,
    "grabbable": true,
    "classes": ""
  },
  {
    "data": {
      "source": "1",
      "target": "3",
      "weight": 13.636363636363635,
      "group": "coexp",
      "networkId": 1133,
      "networkGroupId": 18,
      "intn": true,
      "rIntnId": 6,
      "id": "e4"
    },
    "position": {},
    "group": "edges",
    "removed": false,
    "selected": false,
    "selectable": true,
    "locked": false,
    "grabbed": false,
    "grabbable": true,
    "classes": ""
  },
  {
    "data": {
      "source": "1",
      "target": "4",
      "weight": 9.090909090909092,
      "group": "coexp",
      "networkId": 1133,
      "networkGroupId": 18,
      "intn": true,
      "rIntnId": 7,
      "id": "e5"
    },
    "position": {},
    "group": "edges",
    "removed": false,
    "selected": false,
    "selectable": true,
    "locked": false,
    "grabbed": false,
    "grabbable": true,
    "classes": ""
  },
  {
    "data": {
      "source": "2",
      "target": "4",
      "weight": 13.636363636363635,
      "group": "coexp",
      "networkId": 1133,
      "networkGroupId": 18,
      "intn": true,
      "rIntnId": 8,
      "id": "e6"
    },
    "position": {},
    "group": "edges",
    "removed": false,
    "selected": false,
    "selectable": true,
    "locked": false,
    "grabbed": false,
    "grabbable": true,
    "classes": ""
  },
  {
    "data": {
      "source": "3",
      "target": "0",
      "weight": 13.636363636363635,
      "group": "coexp",
      "networkId": 1133,
      "networkGroupId": 18,
      "intn": true,
      "rIntnId": 9,
      "id": "e7"
    },
    "position": {},
    "group": "edges",
    "removed": false,
    "selected": false,
    "selectable": true,
    "locked": false,
    "grabbed": false,
    "grabbable": true,
    "classes": ""
  },
  {
    "data": {
      "source": "3",
      "target": "1",
      "weight": 13.636363636363635,
      "group": "coexp",
      "networkId": 1133,
      "networkGroupId": 18,
      "intn": true,
      "rIntnId": 10,
      "id": "e8"
    },
    "position": {},
    "group": "edges",
    "removed": false,
    "selected": false,
    "selectable": true,
    "locked": false,
    "grabbed": false,
    "grabbable": true,
    "classes": ""
  },
  {
    "data": {
      "source": "4",
      "target": "1",
      "weight": 9.090909090909092,
      "group": "coexp",
      "networkId": 1133,
      "networkGroupId": 18,
      "intn": true,
      "rIntnId": 11,
      "id": "e9"
    },
    "position": {},
    "group": "edges",
    "removed": false,
    "selected": false,
    "selectable": true,
    "locked": false,
    "grabbed": false,
    "grabbable": true,
    "classes": ""
  },
  {
    "data": {
      "source": "4",
      "target": "2",
      "weight": 13.636363636363635,
      "group": "coexp",
      "networkId": 1133,
      "networkGroupId": 18,
      "intn": true,
      "rIntnId": 12,
      "id": "e10"
    },
    "position": {},
    "group": "edges",
    "removed": false,
    "selected": false,
    "selectable": true,
    "locked": false,
    "grabbed": false,
    "grabbable": true,
    "classes": ""
  },
  {
    "data": {
      "source": "6",
      "target": "0",
      "weight": 27.27272727272727,
      "group": "coexp",
      "networkId": 1133,
      "networkGroupId": 18,
      "intn": true,
      "rIntnId": 13,
      "id": "e11"
    },
    "position": {},
    "group": "edges",
    "removed": false,
    "selected": false,
    "selectable": true,
    "locked": false,
    "grabbed": false,
    "grabbable": true,
    "classes": ""
  }
]