[
  {
    "data": {
      "id": "0",
      "idInt": 0,
      "name": "GENERAL",
      "score": 0.006769776522008331,
      "query": true,
      "gene": true,
    "patients": 29
    },
    "position": {
      "x": 481.0169597039117,
      "y": 384.8210888234145
    },
    "group": "nodes",
    "removed": false,
    "selected": false,
    "selectable": true,
    "locked": false,
    "grabbed": false,
    "grabbable": true,
    "classes": "fn10273 fn6944 fn9471 fn10569 fn8023 fn6956 fn6935 fn8147 fn6939 fn6936 fn6629 fn7928 fn6947 fn8612 fn6957 fn8786 fn6246 fn9367 fn6945 fn6946 fn10024 fn10022 fn6811 fn9361 fn6279 fn6278 fn8569 fn7641 fn8568 fn6943"
  },
  {
    "data": {
      "id": "1",
      "idInt": 1,
      "name": "GASTROINTESTINAL",
      "score": 0.006769776522008331,
      "query": true,
      "gene": true,
    "patients": 29
    },
    "position": {
      "x": 481.0169597039117,
      "y": 384.8210888234145
    },
    "group": "nodes",
    "removed": false,
    "selected": false,
    "selectable": true,
    "locked": false,
    "grabbed": false,
    "grabbable": true,
    "classes": "fn10273 fn6944 fn9471 fn10569 fn8023 fn6956 fn6935 fn8147 fn6939 fn6936 fn6629 fn7928 fn6947 fn8612 fn6957 fn8786 fn6246 fn9367 fn6945 fn6946 fn10024 fn10022 fn6811 fn9361 fn6279 fn6278 fn8569 fn7641 fn8568 fn6943"
  },
  {
    "data": {
      "id": "2",
      "idInt": 2,
      "name": "ENDOCRINE",
      "score": 0.006769776522008331,
      "query": true,
      "gene": true,
    "patients": 10
    },
    "position": {
      "x": 481.0169597039117,
      "y": 384.8210888234145
    },
    "group": "nodes",
    "removed": false,
    "selected": false,
    "selectable": true,
    "locked": false,
    "grabbed": false,
    "grabbable": true,
    "classes": "fn10273 fn6944 fn9471 fn10569 fn8023 fn6956 fn6935 fn8147 fn6939 fn6936 fn6629 fn7928 fn6947 fn8612 fn6957 fn8786 fn6246 fn9367 fn6945 fn6946 fn10024 fn10022 fn6811 fn9361 fn6279 fn6278 fn8569 fn7641 fn8568 fn6943"
  },
  {
    "data": {
      "id": "3",
      "idInt": 3,
      "name": "CUTANEOUS",
      "score": 0.006769776522008331,
      "query": true,
      "gene": true,
    "patients": 5
    },
    "position": {
      "x": 481.0169597039117,
      "y": 384.8210888234145
    },
    "group": "nodes",
    "removed": false,
    "selected": false,
    "selectable": true,
    "locked": false,
    "grabbed": false,
    "grabbable": true,
    "classes": "fn10273 fn6944 fn9471 fn10569 fn8023 fn6956 fn6935 fn8147 fn6939 fn6936 fn6629 fn7928 fn6947 fn8612 fn6957 fn8786 fn6246 fn9367 fn6945 fn6946 fn10024 fn10022 fn6811 fn9361 fn6279 fn6278 fn8569 fn7641 fn8568 fn6943"
  },
  {
    "data": {
      "id": "4",
      "idInt": 4,
      "name": "PNEUMOLOGICAL",
      "score": 0.006769776522008331,
      "query": true,
      "gene": true,
    "patients": 15
    },
    "position": {
      "x": 481.0169597039117,
      "y": 384.8210888234145
    },
    "group": "nodes",
    "removed": false,
    "selected": false,
    "selectable": true,
    "locked": false,
    "grabbed": false,
    "grabbable": true,
    "classes": "fn10273 fn6944 fn9471 fn10569 fn8023 fn6956 fn6935 fn8147 fn6939 fn6936 fn6629 fn7928 fn6947 fn8612 fn6957 fn8786 fn6246 fn9367 fn6945 fn6946 fn10024 fn10022 fn6811 fn9361 fn6279 fn6278 fn8569 fn7641 fn8568 fn6943"
  },
  {
    "data": {
      "id": "5",
      "idInt": 5,
      "name": "ANALYTICAL",
      "score": 0.006769776522008331,
      "query": true,
      "gene": true,
    "patients": 27
    },
    "position": {
      "x": 481.0169597039117,
      "y": 384.8210888234145
    },
    "group": "nodes",
    "removed": false,
    "selected": false,
    "selectable": true,
    "locked": false,
    "grabbed": false,
    "grabbable": true,
    "classes": "fn10273 fn6944 fn9471 fn10569 fn8023 fn6956 fn6935 fn8147 fn6939 fn6936 fn6629 fn7928 fn6947 fn8612 fn6957 fn8786 fn6246 fn9367 fn6945 fn6946 fn10024 fn10022 fn6811 fn9361 fn6279 fn6278 fn8569 fn7641 fn8568 fn6943"
  },
  {
    "data": {
      "id": "6",
      "idInt": 6,
      "name": "NEUROLOGICAL",
      "score": 0.006769776522008331,
      "query": true,
      "gene": true,
    "patients": 3
    },
    "position": {
      "x": 481.0169597039117,
      "y": 384.8210888234145
    },
    "group": "nodes",
    "removed": false,
    "selected": false,
    "selectable": true,
    "locked": false,
    "grabbed": false,
    "grabbable": true,
    "classes": "fn10273 fn6944 fn9471 fn10569 fn8023 fn6956 fn6935 fn8147 fn6939 fn6936 fn6629 fn7928 fn6947 fn8612 fn6957 fn8786 fn6246 fn9367 fn6945 fn6946 fn10024 fn10022 fn6811 fn9361 fn6279 fn6278 fn8569 fn7641 fn8568 fn6943"
  },
  {
    "data": {
      "id": "7",
      "idInt": 7,
      "name": "OTHER",
      "score": 0.006769776522008331,
      "query": true,
      "gene": true,
    "patients": 4
    },
    "position": {
      "x": 481.0169597039117,
      "y": 384.8210888234145
    },
    "group": "nodes",
    "removed": false,
    "selected": false,
    "selectable": true,
    "locked": false,
    "grabbed": false,
    "grabbable": true,
    "classes": "fn10273 fn6944 fn9471 fn10569 fn8023 fn6956 fn6935 fn8147 fn6939 fn6936 fn6629 fn7928 fn6947 fn8612 fn6957 fn8786 fn6246 fn9367 fn6945 fn6946 fn10024 fn10022 fn6811 fn9361 fn6279 fn6278 fn8569 fn7641 fn8568 fn6943"
  },
  {
    "data": {
      "id": "8",
      "idInt": 8,
      "name": "CARDIOLOGICAL",
      "score": 0.006769776522008331,
      "query": true,
      "gene": true,
    "patients": 0
    },
    "position": {
      "x": 481.0169597039117,
      "y": 384.8210888234145
    },
    "group": "nodes",
    "removed": false,
    "selected": false,
    "selectable": true,
    "locked": false,
    "grabbed": false,
    "grabbable": true,
    "classes": "fn10273 fn6944 fn9471 fn10569 fn8023 fn6956 fn6935 fn8147 fn6939 fn6936 fn6629 fn7928 fn6947 fn8612 fn6957 fn8786 fn6246 fn9367 fn6945 fn6946 fn10024 fn10022 fn6811 fn9361 fn6279 fn6278 fn8569 fn7641 fn8568 fn6943"
  },
  {
    "data": {
      "source": "0",
      "target": "1",
      "weight": 55.55555555555556,
      "group": "coexp",
      "networkId": 1133,
      "networkGroupId": 18,
      "intn": true,
      "rIntnId": 2,
      "id": "e0"
    },
    "position": {},
    "group": "edges",
    "removed": false,
    "selected": false,
    "selectable": true,
    "locked": false,
    "grabbed": false,
    "grabbable": true,
    "classes": ""
  },
  {
    "data": {
      "source": "0",
      "target": "2",
      "weight": 16.666666666666664,
      "group": "coexp",
      "networkId": 1133,
      "networkGroupId": 18,
      "intn": true,
      "rIntnId": 3,
      "id": "e1"
    },
    "position": {},
    "group": "edges",
    "removed": false,
    "selected": false,
    "selectable": true,
    "locked": false,
    "grabbed": false,
    "grabbable": true,
    "classes": ""
  },
  {
    "data": {
      "source": "0",
      "target": "3",
      "weight": 5.555555555555555,
      "group": "coexp",
      "networkId": 1133,
      "networkGroupId": 18,
      "intn": true,
      "rIntnId": 4,
      "id": "e2"
    },
    "position": {},
    "group": "edges",
    "removed": false,
    "selected": false,
    "selectable": true,
    "locked": false,
    "grabbed": false,
    "grabbable": true,
    "classes": ""
  },
  {
    "data": {
      "source": "0",
      "target": "4",
      "weight": 22.22222222222222,
      "group": "coexp",
      "networkId": 1133,
      "networkGroupId": 18,
      "intn": true,
      "rIntnId": 5,
      "id": "e3"
    },
    "position": {},
    "group": "edges",
    "removed": false,
    "selected": false,
    "selectable": true,
    "locked": false,
    "grabbed": false,
    "grabbable": true,
    "classes": ""
  },
  {
    "data": {
      "source": "0",
      "target": "5",
      "weight": 50,
      "group": "coexp",
      "networkId": 1133,
      "networkGroupId": 18,
      "intn": true,
      "rIntnId": 6,
      "id": "e4"
    },
    "position": {},
    "group": "edges",
    "removed": false,
    "selected": false,
    "selectable": true,
    "locked": false,
    "grabbed": false,
    "grabbable": true,
    "classes": ""
  },
  {
    "data": {
      "source": "0",
      "target": "6",
      "weight": 5.555555555555555,
      "group": "coexp",
      "networkId": 1133,
      "networkGroupId": 18,
      "intn": true,
      "rIntnId": 7,
      "id": "e5"
    },
    "position": {},
    "group": "edges",
    "removed": false,
    "selected": false,
    "selectable": true,
    "locked": false,
    "grabbed": false,
    "grabbable": true,
    "classes": ""
  },
  {
    "data": {
      "source": "0",
      "target": "7",
      "weight": 5.555555555555555,
      "group": "coexp",
      "networkId": 1133,
      "networkGroupId": 18,
      "intn": true,
      "rIntnId": 8,
      "id": "e6"
    },
    "position": {},
    "group": "edges",
    "removed": false,
    "selected": false,
    "selectable": true,
    "locked": false,
    "grabbed": false,
    "grabbable": true,
    "classes": ""
  },
  {
    "data": {
      "source": "1",
      "target": "0",
      "weight": 55.55555555555556,
      "group": "coexp",
      "networkId": 1133,
      "networkGroupId": 18,
      "intn": true,
      "rIntnId": 9,
      "id": "e7"
    },
    "position": {},
    "group": "edges",
    "removed": false,
    "selected": false,
    "selectable": true,
    "locked": false,
    "grabbed": false,
    "grabbable": true,
    "classes": ""
  },
  {
    "data": {
      "source": "1",
      "target": "2",
      "weight": 22.22222222222222,
      "group": "coexp",
      "networkId": 1133,
      "networkGroupId": 18,
      "intn": true,
      "rIntnId": 10,
      "id": "e8"
    },
    "position": {},
    "group": "edges",
    "removed": false,
    "selected": false,
    "selectable": true,
    "locked": false,
    "grabbed": false,
    "grabbable": true,
    "classes": ""
  },
  {
    "data": {
      "source": "1",
      "target": "3",
      "weight": 5.555555555555555,
      "group": "coexp",
      "networkId": 1133,
      "networkGroupId": 18,
      "intn": true,
      "rIntnId": 11,
      "id": "e9"
    },
    "position": {},
    "group": "edges",
    "removed": false,
    "selected": false,
    "selectable": true,
    "locked": false,
    "grabbed": false,
    "grabbable": true,
    "classes": ""
  },
  {
    "data": {
      "source": "1",
      "target": "4",
      "weight": 22.22222222222222,
      "group": "coexp",
      "networkId": 1133,
      "networkGroupId": 18,
      "intn": true,
      "rIntnId": 12,
      "id": "e10"
    },
    "position": {},
    "group": "edges",
    "removed": false,
    "selected": false,
    "selectable": true,
    "locked": false,
    "grabbed": false,
    "grabbable": true,
    "classes": ""
  },
  {
    "data": {
      "source": "1",
      "target": "5",
      "weight": 44.44444444444444,
      "group": "coexp",
      "networkId": 1133,
      "networkGroupId": 18,
      "intn": true,
      "rIntnId": 13,
      "id": "e11"
    },
    "position": {},
    "group": "edges",
    "removed": false,
    "selected": false,
    "selectable": true,
    "locked": false,
    "grabbed": false,
    "grabbable": true,
    "classes": ""
  },
  {
    "data": {
      "source": "1",
      "target": "6",
      "weight": 5.555555555555555,
      "group": "coexp",
      "networkId": 1133,
      "networkGroupId": 18,
      "intn": true,
      "rIntnId": 14,
      "id": "e12"
    },
    "position": {},
    "group": "edges",
    "removed": false,
    "selected": false,
    "selectable": true,
    "locked": false,
    "grabbed": false,
    "grabbable": true,
    "classes": ""
  },
  {
    "data": {
      "source": "1",
      "target": "7",
      "weight": 5.555555555555555,
      "group": "coexp",
      "networkId": 1133,
      "networkGroupId": 18,
      "intn": true,
      "rIntnId": 15,
      "id": "e13"
    },
    "position": {},
    "group": "edges",
    "removed": false,
    "selected": false,
    "selectable": true,
    "locked": false,
    "grabbed": false,
    "grabbable": true,
    "classes": ""
  },
  {
    "data": {
      "source": "2",
      "target": "0",
      "weight": 16.666666666666664,
      "group": "coexp",
      "networkId": 1133,
      "networkGroupId": 18,
      "intn": true,
      "rIntnId": 16,
      "id": "e14"
    },
    "position": {},
    "group": "edges",
    "removed": false,
    "selected": false,
    "selectable": true,
    "locked": false,
    "grabbed": false,
    "grabbable": true,
    "classes": ""
  },
  {
    "data": {
      "source": "2",
      "target": "1",
      "weight": 22.22222222222222,
      "group": "coexp",
      "networkId": 1133,
      "networkGroupId": 18,
      "intn": true,
      "rIntnId": 17,
      "id": "e15"
    },
    "position": {},
    "group": "edges",
    "removed": false,
    "selected": false,
    "selectable": true,
    "locked": false,
    "grabbed": false,
    "grabbable": true,
    "classes": ""
  },
  {
    "data": {
      "source": "2",
      "target": "4",
      "weight": 5.555555555555555,
      "group": "coexp",
      "networkId": 1133,
      "networkGroupId": 18,
      "intn": true,
      "rIntnId": 18,
      "id": "e16"
    },
    "position": {},
    "group": "edges",
    "removed": false,
    "selected": false,
    "selectable": true,
    "locked": false,
    "grabbed": false,
    "grabbable": true,
    "classes": ""
  },
  {
    "data": {
      "source": "2",
      "target": "5",
      "weight": 11.11111111111111,
      "group": "coexp",
      "networkId": 1133,
      "networkGroupId": 18,
      "intn": true,
      "rIntnId": 19,
      "id": "e17"
    },
    "position": {},
    "group": "edges",
    "removed": false,
    "selected": false,
    "selectable": true,
    "locked": false,
    "grabbed": false,
    "grabbable": true,
    "classes": ""
  },
  {
    "data": {
      "source": "3",
      "target": "0",
      "weight": 5.555555555555555,
      "group": "coexp",
      "networkId": 1133,
      "networkGroupId": 18,
      "intn": true,
      "rIntnId": 20,
      "id": "e18"
    },
    "position": {},
    "group": "edges",
    "removed": false,
    "selected": false,
    "selectable": true,
    "locked": false,
    "grabbed": false,
    "grabbable": true,
    "classes": ""
  },
  {
    "data": {
      "source": "3",
      "target": "1",
      "weight": 5.555555555555555,
      "group": "coexp",
      "networkId": 1133,
      "networkGroupId": 18,
      "intn": true,
      "rIntnId": 21,
      "id": "e19"
    },
    "position": {},
    "group": "edges",
    "removed": false,
    "selected": false,
    "selectable": true,
    "locked": false,
    "grabbed": false,
    "grabbable": true,
    "classes": ""
  },
  {
    "data": {
      "source": "3",
      "target": "4",
      "weight": 5.555555555555555,
      "group": "coexp",
      "networkId": 1133,
      "networkGroupId": 18,
      "intn": true,
      "rIntnId": 22,
      "id": "e20"
    },
    "position": {},
    "group": "edges",
    "removed": false,
    "selected": false,
    "selectable": true,
    "locked": false,
    "grabbed": false,
    "grabbable": true,
    "classes": ""
  },
  {
    "data": {
      "source": "3",
      "target": "5",
      "weight": 11.11111111111111,
      "group": "coexp",
      "networkId": 1133,
      "networkGroupId": 18,
      "intn": true,
      "rIntnId": 23,
      "id": "e21"
    },
    "position": {},
    "group": "edges",
    "removed": false,
    "selected": false,
    "selectable": true,
    "locked": false,
    "grabbed": false,
    "grabbable": true,
    "classes": ""
  },
  {
    "data": {
      "source": "4",
      "target": "0",
      "weight": 22.22222222222222,
      "group": "coexp",
      "networkId": 1133,
      "networkGroupId": 18,
      "intn": true,
      "rIntnId": 24,
      "id": "e22"
    },
    "position": {},
    "group": "edges",
    "removed": false,
    "selected": false,
    "selectable": true,
    "locked": false,
    "grabbed": false,
    "grabbable": true,
    "classes": ""
  },
  {
    "data": {
      "source": "4",
      "target": "1",
      "weight": 22.22222222222222,
      "group": "coexp",
      "networkId": 1133,
      "networkGroupId": 18,
      "intn": true,
      "rIntnId": 25,
      "id": "e23"
    },
    "position": {},
    "group": "edges",
    "removed": false,
    "selected": false,
    "selectable": true,
    "locked": false,
    "grabbed": false,
    "grabbable": true,
    "classes": ""
  },
  {
    "data": {
      "source": "4",
      "target": "2",
      "weight": 5.555555555555555,
      "group": "coexp",
      "networkId": 1133,
      "networkGroupId": 18,
      "intn": true,
      "rIntnId": 26,
      "id": "e24"
    },
    "position": {},
    "group": "edges",
    "removed": false,
    "selected": false,
    "selectable": true,
    "locked": false,
    "grabbed": false,
    "grabbable": true,
    "classes": ""
  },
  {
    "data": {
      "source": "4",
      "target": "3",
      "weight": 5.555555555555555,
      "group": "coexp",
      "networkId": 1133,
      "networkGroupId": 18,
      "intn": true,
      "rIntnId": 27,
      "id": "e25"
    },
    "position": {},
    "group": "edges",
    "removed": false,
    "selected": false,
    "selectable": true,
    "locked": false,
    "grabbed": false,
    "grabbable": true,
    "classes": ""
  },
  {
    "data": {
      "source": "4",
      "target": "5",
      "weight": 22.22222222222222,
      "group": "coexp",
      "networkId": 1133,
      "networkGroupId": 18,
      "intn": true,
      "rIntnId": 28,
      "id": "e26"
    },
    "position": {},
    "group": "edges",
    "removed": false,
    "selected": false,
    "selectable": true,
    "locked": false,
    "grabbed": false,
    "grabbable": true,
    "classes": ""
  },
  {
    "data": {
      "source": "4",
      "target": "7",
      "weight": 5.555555555555555,
      "group": "coexp",
      "networkId": 1133,
      "networkGroupId": 18,
      "intn": true,
      "rIntnId": 29,
      "id": "e27"
    },
    "position": {},
    "group": "edges",
    "removed": false,
    "selected": false,
    "selectable": true,
    "locked": false,
    "grabbed": false,
    "grabbable": true,
    "classes": ""
  },
  {
    "data": {
      "source": "5",
      "target": "0",
      "weight": 50,
      "group": "coexp",
      "networkId": 1133,
      "networkGroupId": 18,
      "intn": true,
      "rIntnId": 30,
      "id": "e28"
    },
    "position": {},
    "group": "edges",
    "removed": false,
    "selected": false,
    "selectable": true,
    "locked": false,
    "grabbed": false,
    "grabbable": true,
    "classes": ""
  },
  {
    "data": {
      "source": "5",
      "target": "1",
      "weight": 44.44444444444444,
      "group": "coexp",
      "networkId": 1133,
      "networkGroupId": 18,
      "intn": true,
      "rIntnId": 31,
      "id": "e29"
    },
    "position": {},
    "group": "edges",
    "removed": false,
    "selected": false,
    "selectable": true,
    "locked": false,
    "grabbed": false,
    "grabbable": true,
    "classes": ""
  },
  {
    "data": {
      "source": "5",
      "target": "2",
      "weight": 11.11111111111111,
      "group": "coexp",
      "networkId": 1133,
      "networkGroupId": 18,
      "intn": true,
      "rIntnId": 32,
      "id": "e30"
    },
    "position": {},
    "group": "edges",
    "removed": false,
    "selected": false,
    "selectable": true,
    "locked": false,
    "grabbed": false,
    "grabbable": true,
    "classes": ""
  },
  {
    "data": {
      "source": "5",
      "target": "3",
      "weight": 11.11111111111111,
      "group": "coexp",
      "networkId": 1133,
      "networkGroupId": 18,
      "intn": true,
      "rIntnId": 33,
      "id": "e31"
    },
    "position": {},
    "group": "edges",
    "removed": false,
    "selected": false,
    "selectable": true,
    "locked": false,
    "grabbed": false,
    "grabbable": true,
    "classes": ""
  },
  {
    "data": {
      "source": "5",
      "target": "4",
      "weight": 22.22222222222222,
      "group": "coexp",
      "networkId": 1133,
      "networkGroupId": 18,
      "intn": true,
      "rIntnId": 34,
      "id": "e32"
    },
    "position": {},
    "group": "edges",
    "removed": false,
    "selected": false,
    "selectable": true,
    "locked": false,
    "grabbed": false,
    "grabbable": true,
    "classes": ""
  },
  {
    "data": {
      "source": "5",
      "target": "6",
      "weight": 5.555555555555555,
      "group": "coexp",
      "networkId": 1133,
      "networkGroupId": 18,
      "intn": true,
      "rIntnId": 35,
      "id": "e33"
    },
    "position": {},
    "group": "edges",
    "removed": false,
    "selected": false,
    "selectable": true,
    "locked": false,
    "grabbed": false,
    "grabbable": true,
    "classes": ""
  },
  {
    "data": {
      "source": "5",
      "target": "7",
      "weight": 5.555555555555555,
      "group": "coexp",
      "networkId": 1133,
      "networkGroupId": 18,
      "intn": true,
      "rIntnId": 36,
      "id": "e34"
    },
    "position": {},
    "group": "edges",
    "removed": false,
    "selected": false,
    "selectable": true,
    "locked": false,
    "grabbed": false,
    "grabbable": true,
    "classes": ""
  },
  {
    "data": {
      "source": "6",
      "target": "0",
      "weight": 5.555555555555555,
      "group": "coexp",
      "networkId": 1133,
      "networkGroupId": 18,
      "intn": true,
      "rIntnId": 37,
      "id": "e35"
    },
    "position": {},
    "group": "edges",
    "removed": false,
    "selected": false,
    "selectable": true,
    "locked": false,
    "grabbed": false,
    "grabbable": true,
    "classes": ""
  },
  {
    "data": {
      "source": "6",
      "target": "1",
      "weight": 5.555555555555555,
      "group": "coexp",
      "networkId": 1133,
      "networkGroupId": 18,
      "intn": true,
      "rIntnId": 38,
      "id": "e36"
    },
    "position": {},
    "group": "edges",
    "removed": false,
    "selected": false,
    "selectable": true,
    "locked": false,
    "grabbed": false,
    "grabbable": true,
    "classes": ""
  },
  {
    "data": {
      "source": "6",
      "target": "5",
      "weight": 5.555555555555555,
      "group": "coexp",
      "networkId": 1133,
      "networkGroupId": 18,
      "intn": true,
      "rIntnId": 39,
      "id": "e37"
    },
    "position": {},
    "group": "edges",
    "removed": false,
    "selected": false,
    "selectable": true,
    "locked": false,
    "grabbed": false,
    "grabbable": true,
    "classes": ""
  },
  {
    "data": {
      "source": "7",
      "target": "0",
      "weight": 5.555555555555555,
      "group": "coexp",
      "networkId": 1133,
      "networkGroupId": 18,
      "intn": true,
      "rIntnId": 40,
      "id": "e38"
    },
    "position": {},
    "group": "edges",
    "removed": false,
    "selected": false,
    "selectable": true,
    "locked": false,
    "grabbed": false,
    "grabbable": true,
    "classes": ""
  },
  {
    "data": {
      "source": "7",
      "target": "1",
      "weight": 5.555555555555555,
      "group": "coexp",
      "networkId": 1133,
      "networkGroupId": 18,
      "intn": true,
      "rIntnId": 41,
      "id": "e39"
    },
    "position": {},
    "group": "edges",
    "removed": false,
    "selected": false,
    "selectable": true,
    "locked": false,
    "grabbed": false,
    "grabbable": true,
    "classes": ""
  },
  {
    "data": {
      "source": "7",
      "target": "4",
      "weight": 5.555555555555555,
      "group": "coexp",
      "networkId": 1133,
      "networkGroupId": 18,
      "intn": true,
      "rIntnId": 42,
      "id": "e40"
    },
    "position": {},
    "group": "edges",
    "removed": false,
    "selected": false,
    "selectable": true,
    "locked": false,
    "grabbed": false,
    "grabbable": true,
    "classes": ""
  },
  {
    "data": {
      "source": "7",
      "target": "5",
      "weight": 5.555555555555555,
      "group": "coexp",
      "networkId": 1133,
      "networkGroupId": 18,
      "intn": true,
      "rIntnId": 43,
      "id": "e41"
    },
    "position": {},
    "group": "edges",
    "removed": false,
    "selected": false,
    "selectable": true,
    "locked": false,
    "grabbed": false,
    "grabbable": true,
    "classes": ""
  }
]